,link,titleText,citeTag,caption,shady_score
1,https://br.advfn.com/forum/advfn/20796162/1,Pc Matic +1-888-[834]-4926 Customer Care Phone Number ...,https://br.advfn.com/forum/advfn/20796162,https://br.advfn.com/forum/advfn/207961621 day ago¬†¬∑ PC MATIC +1-888-[834]- 4926 support Number | PC MATIC Customer Service Number | PC MATIC Customer Care Number | PC MATIC ‚Ä¶,2
2,https://www.youtube.com/watch?v=wSP0UGZXExg,PC Matic Assist Number - YouTube,https://www.youtube.com/watch?v=wSP0UGZXExg,https://www.youtube.com/watch?v=wSP0UGZXExgPC Matic Assist Number ‚òé+1-(925)-267-8761. PC Matic How-to Videos. PC Matic is a gathering of various progressions under one hood and one made arrangement: s...,2
3,https://community.agriculture.com/t5/Beginning-Farmers/PC-matic-support-865-272-85-82-customer-service-Phone-Number/td-p/826861,PC matic support üê∂865‚®û272‚®û85‚Äù82 üê∂ customer servi ...,https://community.agriculture.com/t5/Beginning...,"https://community.agriculture.com/t5/Beginning...Nov 20, 2021¬†¬∑ PC matic support üê∂865‚®û272‚®û85‚Äù82 üê∂ customer service Phone Number OPSHAHJI",4
4,https://techysupports.blogspot.com/,Techy Support 1-855-774-4686,https://techysupports.blogspot.com,"https://techysupports.blogspot.comJun 26, 2019¬†¬∑ PC Matic Antivirus Software is known as security provider to your system and with its special while-list technology. Boost your personal computer, further no another weapon that can compete with PC Matic. Though, Sometimes a lot of people complains that when the use or run a certain program in their system, then the PC Matic stops running or ...",4
5,https://www.shoppok.com/contact-number-sp3,Contact Number - Classifieds - Shoppok - Page 3,https://www.shoppok.com/contact-number-sp3,"https://www.shoppok.com/contact-number-sp3PC Matic Contact Number ‚òé+1-(210)-591-8710. Contact PC Matic customer care. You can call at PC Matic phone number, make an email, balance a contact structure on their site www.PC Matic. PC Matic is an American-made antivirus that gives when in doubt security assurance utilizing best whitelisting headway over help upset ransomware.",2
8,https://www.mycleanpc.com/contact-us.html,Contact PC Support | MyCleanPC,https://www.mycleanpc.com/contact-us.html,"https://www.mycleanpc.com/contact-us.htmlThere will be a one-time charge to activate MyCleanPC of $19.99, followed by monthly charges of $19.95, which may include live technical support. You can cancel your subscription at any time by calling (801) 857-2368. (Powered by USTechSupport) or ‚Ä¶",4
9,https://sophoscontectnumber.blogspot.com/,techysupport,https://sophoscontectnumber.blogspot.com,"https://sophoscontectnumber.blogspot.comOct 15, 2018¬†¬∑ PC Matic Customer Service or pc matic number was introduced in the market in a number of solutions, a popular trusted name is known as PC Wright, which validates risk elements and keeps your computer / PC / laptop/tablet safe ‚Ä¶",2
10,https://www.shoppok.com/computer-services-cg/looking-for-it-support-sp,Looking For It Support - Computer Services - Shoppok,https://www.shoppok.com/computer-services-cg/looking-for-it-support-sp,https://www.shoppok.com/computer-services-cg/looking-for-it-support-spPC Matic Help Number ‚òé+1-(925)-267-8761. The best technique to Get PC Matic Support Recently it has been drawn out from the shadows there are a couple of one of a kind associations and sponsorship affiliations that are claiming to offer specific assistance. Contact PC Matic to get some information about PC Matic Pro - the fundamental American-made internet based ‚Ä¶,4
11,https://pages.rediff.com/getlinks/zonealarm-antivirus-customer-service-number/2155682,Rediff Pages: zonealarm antivirus customer service number ...,https://pages.rediff.com/getlinks/zonealarm...,"https://pages.rediff.com/getlinks/zonealarm...Jul 22, 2017 zonealarm antivirus customer service number has shared the link. PC Matic Antivirus Customer Service 1-855-212-2247 Support Contact Details. PC Matic Antivirus Contact info- here you can find PC Matic Antivirus Customer Service and Support Phone Helpline Number.",4
12,https://www.thetop10sites.com/contact,Contact Us - The Top 10 Sites,https://www.thetop10sites.com/contact,https://www.thetop10sites.com/contactContact TheTop10Sites for any questions or issues you have with our site. We will respond to any relevant inquiries as soon as possible. All Categories. ... We support the CCPA by allowing California residents to opt-out of any future sale of their personal information. If you would like to record your preference that thetop10sites.com will not ...,1
13,https://www.ram-trx.com/threads/tollfree-%F0%9D%9F%8F-%F0%9D%9F%96%F0%9D%9F%8E%F0%9D%9F%8E-%F0%9D%9F%97%F0%9D%9F%95%F0%9D%9F%90-%F0%9D%9F%96%F0%9D%9F%96-%F0%9D%9F%90%F0%9D%9F%8E-icloud-tech-support-phone-number-rft.7781/,TOLLFREE ùüè(ùüñùüéùüé)~ùüóùüïùüê= ùüñùüñ.ùüêùüé ICLOUD TECH SUPPORT :: PHONE ...,https://www.ram-trx.com/threads/tollfree-%F0%9D%9F...,"https://www.ram-trx.com/threads/tollfree-%F0%9D%9F...Feb 02, 2022¬†¬∑ PC MATIC Other ways of Checking for ICLOUD Number You can also check out the ICLOUD forums. There are many ICLOUD forums dedicated to discussing all sorts of issues regarding ICLOUD products, including ICLOUD numbers. You may find a contact form in one of these forums if you cannot find a support number in the above methods.",3
15,https://medium.com/tag/pc-matic-support/latest,Latest stories and news about Pc Matic Support ‚Äì Medium,https://medium.com/tag/pc-matic-support/latest,"https://medium.com/tag/pc-matic-support/latestHow to Install PC Matic with License Key. In order to activate PC Matic on your Computer, first we begin with downloading of PC Matic by : 1. Visiting PC Matic official website. 2. Chose ...",3
17,https://medium.com/tag/pc-matic-support/archive,Archive of stories about Pc Matic Support ‚Äì Medium,https://medium.com/tag/pc-matic-support/archive,https://medium.com/tag/pc-matic-support/archivePc Matic Support (Toll Free) +1-888‚Äì813‚Äì3598. PC Matic Support Number +1‚Äì888‚Äì813‚Äì3598 Toll-Free Helpline For Support & Customer Service,4
18,https://pcmatidpcfixre.blogspot.com/,Fix Error PC matid,https://pcmatidpcfixre.blogspot.com,"https://pcmatidpcfixre.blogspot.comOct 07, 2020¬†¬∑ PC Matic Won't Open on Windows PC pc matic support phone number Won't Open on Windows PC pc matic support phone number is known as the security supplier for the PC framework with its novel white rundown procedure. To upgrade your PC, there is no different antivirus which can contend with pc matic support phone number.",1
19,https://howtowritebestarticle.blogspot.com/,How to write best article,https://howtowritebestarticle.blogspot.com,"https://howtowritebestarticle.blogspot.comOct 05, 2020¬†¬∑ PC MATIC Technical Support Phone Number ‚Äì PC MATIC (is one of the biggest brands in United States. The Company is offering its services to the industries including Media, web search engine, IT products, and manufacturing of various tech peripherals. The company is offering web E service namely PC MATIC 0 E for the users across the world.",2
20,https://www.dell.com/community/Removed-Posts/1-866-97I-2778-PC-MATIC-TECH-Support-Phone-Number-PC-MATIC/td-p/7901849,Submit Form - dell.com,https://www.dell.com/community/Removed-Posts/1-866...,https://www.dell.com/community/Removed-Posts/1-866...Enter the email address associated with your account and click Reset Password.We'll email you a link to reset your password.,2
23,https://math.answers.com/Q/What_number_can_go_into_7_evenly,What number can go into 7 evenly? - Answers,https://math.answers.com/Q/What_number_can_go_into_7_evenly,"https://math.answers.com/Q/What_number_can_go_into_7_evenlyNov 29, 2010¬†¬∑ PC Matic Support Number ‚òé+1-(850)-387-233l? Asked By mick milton. Contact PC Matic Support ‚òé+1-(850)-387-233l? Asked By mick milton. PC Matic Help Number ‚òé+1-(850)-387-233l? Asked By mick milton. 60 is 80% of what number? Asked By Anne Monique Dimalibot. what is the scale factor from ABC to DEF? ...",2
24,https://www.answers.com/Q/Who_is_the_woman_in_the_current_PC_matic_commercial,Who is the woman in the current PC matic commercial ...,https://www.answers.com/Q/Who_is_the_woman_in_the...,"https://www.answers.com/Q/Who_is_the_woman_in_the...Nov 18, 2011¬†¬∑ For more information, please contact PC matic phone number +1 210 591 8710. Here's a PC Matic support team will help you with the ‚Ä¶",3
25,https://www.eworldtrade.com/importers/pc-power-supplies-buyer/,"PC Power Supplies : Importers, Buyers, Wholesalers and ...",https://www.eworldtrade.com/importers/pc-power-supplies-buyer,"https://www.eworldtrade.com/importers/pc-power-supplies-buyerDec 08, 2017¬†¬∑ 27 Jan, 2022 PC MATIC Toll Free<>*1*866*971^2778*<> Number Customer Support Number. PC MATIC Toll Free*1*866*971^2778* Number Customer Support Number Toll free number * Customer Service Number #2048*-49 SuPPORT number @rippleXRP Customer Support technical knowledge and supportive nature of the person ending it that ‚Ä¶",6
26,https://www.strat-o-matic.com/tech-support/,Tech Support - Strat-O-Matic,https://www.strat-o-matic.com/tech-support,https://www.strat-o-matic.com/tech-supportPay Per Call phone support is available at 888-613-6198 for $1.99 per minute from 9AM-12PM EST Monday through Friday. Tech support issues can be solved via e-mail so we recommend e-mailing techsupport@strat-o-matic.com or using the form to the right to contact Tech Support. E-mails will be responded to within 1-2 business days.,10
28,https://www.404techsupport.com/2019/05/09/what-is-pc-matic-super-shield/,What is PC Matic Super Shield? - 404 Tech Support,https://www.404techsupport.com/2019/05/09/what-is-pc-matic-super-shield,"https://www.404techsupport.com/2019/05/09/what-is-pc-matic-super-shieldMay 09, 2019¬†¬∑ Super Shield Report. The first feature of PC Matic Super Shield is the Report. This feature lets you view a report from the Super Shield activities. The Report will show all the apps that are running or trying to run on your comp. As a result, you can see if any unknown or unwanted applications have been attempting to run on the system.",4
29,https://dengenchronicles.com/who-is-the-girl-on-pc-matic-commercial/,Who is the girl on PC Matic commercial? ‚Äì dengenchronicles.com,https://dengenchronicles.com/who-is-the-girl-on-pc-matic-commercial,"https://dengenchronicles.com/who-is-the-girl-on-pc-matic-commercialOct 26, 2020¬†¬∑ For more information, please contact PC matic phone number +1 210 591 8710. Here‚Äôs a PC Matic support team will help you with the problems. Issues for PC Matic Antivirus facing by users. PC Matic computer freeze on screen; PC Matic ads are not being able to ‚Ä¶",3
30,https://www.tradingview.com/support/,Help Center and Support - TradingView,https://www.tradingview.com/support,https://www.tradingview.com/supportMy support tickets. Select your issue category. Billing 43 articles. Data 319 articles. Chart 337 articles. Trading 55 articles. Alerts 22 articles. Pine Script 32 articles. Financials 228 articles. Screener 20 articles. Social network 80 articles. Watchlist 11 articles. Mobile apps 22 articles. Desktop 9 articles.,2
31,https://www.answers.com/Q/Who_is_the_guy_in_the_PC_matic_commercial,Who is the guy in the PC matic commercial? - Answers,https://www.answers.com/Q/Who_is_the_guy_in_the_PC_matic_commercial,"https://www.answers.com/Q/Who_is_the_guy_in_the_PC_matic_commercialJun 03, 2012¬†¬∑ For more information, please contact PC matic phone number +1 210 591 8710. Here's a PC Matic support team will help you with the ‚Ä¶",3
32,https://carehealthjobs.com/jobs-at-pc-matic,Jobs At Pc Matic | Now Hiring,https://carehealthjobs.com/jobs-at-pc-matic,"https://carehealthjobs.com/jobs-at-pc-maticPC Matic¬Æ with SuperShield for the Best Computer Security ... Posted: (8 days ago) PC Matic uses a whitelist based protection to defeat the fake virus scam. These websites always popup a phone number, and PC Matic blocks any website that shows a phone number inside a pop-up window unless it‚Äôs a whitelisted phone number from a legitimate company.",2
34,http://media.wcyb.com/pc-matic-deepteep.html,Pc Matic Deepteep - how to install pc matic full setup ...,media.wcyb.com/pc-matic-deepteep.html,"media.wcyb.com/pc-matic-deepteep.htmlFeb 16, 2022¬†¬∑ Pc Matic Deepteep. Here are a number of highest rated Pc Matic Deepteep pictures upon internet. We identified it from reliable source. Its submitted by admin in the best field. We take on this nice of Pc Matic Deepteep graphic could possibly be the most trending topic past we share it in google help or facebook.",3
35,https://www.zoominfo.com/c/pc-matic-inc/511851966,"PC Matic - Overview, News & Competitors | ZoomInfo.com",https://www.zoominfo.com/c/pc-matic-inc/511851966,"https://www.zoominfo.com/c/pc-matic-inc/511851966MYRTLE BEACH, S.C., Oct. 5, 2021 /PRNewswire/ -- As ransomware attacks surge globally, Australians are choosing PC Matic's application whitelisting to proactively stop ransomware. PC Matic announced technical and sales support for its business product line, PC Matic Pro and PC Matic MSP, during Australian business hours.",3
36,https://www.dnb.com/business-directory/company-profiles.pc_matic_inc.0d5e1c8192d36e2ea12d63465f8d1d96.html,"PC Matic, Inc. Company Profile | Sioux City, IA ...",https://www.dnb.com/business-directory/company...,"https://www.dnb.com/business-directory/company...Company Description: PC Matic, Inc. is located in Sioux City, IA, United States and is part of the Computer Systems Design and Related Services Industry. PC Matic, Inc. has 44 total employees across all of its locations and generates $14.00 million in sales (USD). (Sales figure is estimated).",1
38,https://www.eworldtrade.com/importers/tablets-pc-buyer/,"Tablets pc : Importers, Buyers, Wholesalers and Purchase ...",https://www.eworldtrade.com/importers/tablets-pc-buyer,"https://www.eworldtrade.com/importers/tablets-pc-buyer27 Nov, 2021 PC MATIC Toll Free<>*1*866*971^2778*<> Number Customer Support Number. PC MATIC Toll Free*1*866*971^2778* Number Customer Support Number Toll free number * Customer Service Number #2048*-49 SuPPORT number @rippleXRP Customer Support technical knowledge and supportive nature of the person ending it that goes many a ‚Ä¶",6
39,https://www.facebook.com/pcmatic,PC Matic - Home - Facebook,https://www.facebook.com/pcmatic,"https://www.facebook.com/pcmaticPC Matic. 44,183 likes ¬∑ 238 talking about this. Industry leading security & performance software - developed & supported in the United States.",3
40,https://www.thetop10sites.com/antivirus/pc-matic/,PC Matic Antivirus Review 2022: Is it Safe? See Price ...,https://www.thetop10sites.com/antivirus/pc-matic,https://www.thetop10sites.com/antivirus/pc-maticThe PC Matic individual protection plan comes with a 12-month license for $50 or a one time fee of $150 for protection with no expiration. PC Matic PRO has different antivirus protection suites to ensure the security of businesses. Customers can choose between a number of different products according to their needs.,2
41,https://support.logmeininc.com/gotomypc,Official GoToMyPC Help - GoToMyPC Support,https://support.logmeininc.com/gotomypc,https://support.logmeininc.com/gotomypcThe LogMeIn GoToMyPC Getting Started Tutorial provides a walkthrough of adding a computer and accessing that computer from a remote location. GoToMyPC Reinstall or Replace (01:43) How to reinstall and/or replace a host computer. GoToMyPC - Add ‚Ä¶,1
42,https://basecamp.org/pc-matic-with-regards-to-android-assessment/,PC Matic With regards to Android Assessment ‚Äì BASE Camp,https://basecamp.org/pc-matic-with-regards-to-android-assessment,"https://basecamp.org/pc-matic-with-regards-to-android-assessmentPC Matic for Google android is a no cost application that scans the device meant for malware. Additionally, it performs system files and checks for malicious habits. The software can be bought in the official Yahoo Play app-store. The support staff is certainly knowledgeable and committed to your satisfaction.",2
43,https://carehealthjobs.com/pc-matic-job-openings,Pc Matic Job Openings | Now Hiring,https://carehealthjobs.com/pc-matic-job-openings,"https://carehealthjobs.com/pc-matic-job-openingsPosted: (11 days ago) Feb 05, 2022 ¬∑ PC Matic doesn‚Äôt have phone support or a human live chat, but they do have a live chat bot, email support, a wide range of user tutorials, and a forum. The live chat bot is only useful for basic questions about PC Matic, like how to ‚Ä¶",3
44,https://www.immixgroup.com/uploadedFiles/Documents/Contract_Vehicles/ESI/ITAM_-_0025/BPA%20Attachment%204%20-%20PC%20Matic%20Ordering%20Guide%20-%2012162020.pdf,"PC Matic, Inc. - immixGroup",https://www.immixgroup.com/uploadedFiles/Documents...,"https://www.immixgroup.com/uploadedFiles/Documents...1 Version Dated: 23 February 2018 PC Matic, Inc. EC America, Inc. Blanket Purchase Agreement (BPA) N66001-21-A-0025",1
45,https://etsies.blogspot.com/,Pressed real dried flower phone case,https://etsies.blogspot.com,"https://etsies.blogspot.comMar 29, 2021¬†¬∑ pc matic support number hitmanpro support system-mechanic support. The stamen is the male reproductive organ. It consists of a pollen sac (anther) and a long supporting filament. This filament holds the anther in position, making the pollen available for dispersal by wind, insects, or pc matic support number hitmanpro support system-mechanic ...",2
46,https://pandacloudsupportnumber.blogspot.com/,Panda Cloud Customer Service 1-800-208-9501 Helpline Number,https://pandacloudsupportnumber.blogspot.com,"https://pandacloudsupportnumber.blogspot.comOct 17, 2018¬†¬∑ Panda Cloud antivirus Customer service toll free for reliable support Number. Panda Cloud Antivirus offers the easy-to-use as well as most spontaneous protection for your system. Simply install this antivirus and forget about spyware, viruses, hackers and online fraud. It provides real-time protection against known, as well as unknown viruses.",3
47,https://www.reddit.com/user/West_Anxiety90/,overview for West_Anxiety90,https://www.reddit.com/user/West_Anxiety90,"https://www.reddit.com/user/West_Anxiety90PC MATIC Technical Support Number-ùüè-ùüñùüéùüé‚â†ùüêùüñùüé‚â†ùüìùüêùüóùüí Phone Number PC MATIC Contact Number $#2021+20211@#&#@"",>> (self.West_Anxiety90) submitted 1 month ago by West_Anxiety90",2
48,https://carehealthjobs.com/pc-matic-work-from-home,Pc Matic Work From Home | Now Hiring,https://carehealthjobs.com/pc-matic-work-from-home,"https://carehealthjobs.com/pc-matic-work-from-homePC Matic Polls: COVID-19 Work From Home Trends. Posted: (8 days ago) May 27, 2020 ¬∑ Today PC Matic is releasing the results of a survey with over 6,000 polled. The information, taken from adult men and women across the country, operates with the goal of assessing security practices in companies moving workers to a remote workforce. 58% of those polled said the COVID-19 ‚Ä¶",1
51,https://directory.mspsuccessmagazine.com/usa/sioux-city/vendor/pc-matic,PC Matic - Vendor - Vendor,https://directory.mspsuccessmagazine.com/usa/sioux-city/vendor/pc-matic,"https://directory.mspsuccessmagazine.com/usa/sioux-city/vendor/pc-maticShow Phone Number. Call: 712-253-4641. Ask A Question. Rate This Vendor. MAKE A CONNECTION PC Matic is accepting messages: Ask A Question. Overview. About PC Matic. PC Matic MSP works diligently to not only provide the best endpoint security for your customers but delivers such in a way that is efficient for you, the MSP, by offering unique ...",2
52,https://www.safetydetectives.com/best-antivirus/pc-matic/,PC Matic Review [2022]: Is It Better Than Other Antiviruses?,https://www.safetydetectives.com/best-antivirus/pc-matic,"https://www.safetydetectives.com/best-antivirus/pc-maticFeb 15, 2022¬†¬∑ Visit PC Matic. PC Matic Customer Support. PC Matic doesn‚Äôt have phone support or a human live chat, but they do have a live chat bot, email support, a wide range of user tutorials, and a forum. The live chat bot is only useful for basic questions about PC Matic, like how to add it to a new device or renew your license.",4
53,https://www.maticpcaccount.com/login.html,Matic PC Login My Account | Matic Login PC,https://www.maticpcaccount.com/login.html,"https://www.maticpcaccount.com/login.htmlLogin Matic PC account Login to access your panel of PC or Mac, from any device! My Account matic pc Login. Please enter your email address and password here, then ...",1
54,https://www.maticpcaccount.com/,Matic PC Sign in My Account Login - Matic PC account,https://www.maticpcaccount.com,"https://www.maticpcaccount.comMatic pc login my account to access your panel from any device! My Account Sign in matic pc Login. Enter email id and password here, and click the 'Sign in'",1
57,https://www.eventlooking.com/pc-matic-reinstall,Pc Matic Reinstall - Discover The Best Events Near You,https://www.eventlooking.com/pc-matic-reinstall,"https://www.eventlooking.com/pc-matic-reinstallPC Matic¬Æ with SuperShield for the Best Computer Security ... best www.pcmatic.com. PC Matic uses a whitelist based protection to defeat the fake virus scam. These websites always popup a phone number, and PC Matic blocks any website that shows a phone number inside a pop-up window unless it's a whitelisted phone number from a legitimate company.",2
58,https://kecemediaunesa.com/ways-to-fix-pc-matic-not-working-errors/,Ways to Fix PC Matic Not Working Errors - kece media,https://kecemediaunesa.com/ways-to-fix-pc-matic-not-working-errors,"https://kecemediaunesa.com/ways-to-fix-pc-matic-not-working-errorsFeb 06, 2022¬†¬∑ If these types of solutions will not solve the situation, PC Matic ratings according to antivirus-review.com you are able to contact COMPUTER Matic‚Äôs technical support team with regards to assistance. They should be able to provide ‚Ä¶",3
59,https://afya911.com/how-you-can-fix-pc-matic-not-working-errors/,How you can Fix PC Matic Not Working Errors ‚Äì Afya 911,https://afya911.com/how-you-can-fix-pc-matic-not-working-errors,"https://afya911.com/how-you-can-fix-pc-matic-not-working-errorsAlternatively, you can test a different type of PC Matic. In this case, you will have to disable the house glass windows firewall in the short term. If your COMPUTER Matic is normally not working, you may contact the PC Matic Customer Support. If the problem carries on, it is highly recommended that you speak to the company‚Äôs tech support team.",4
61,https://web.myrtlebeachareachamber.com/CWT/External/WCPages/WCCoupons/CouponDisplay.aspx?CouponID=460,Half Off One Year of PC Matic Services,https://web.myrtlebeachareachamber.com/CWT/...,"https://web.myrtlebeachareachamber.com/CWT/...For businesses, PC Matic Pro Endpoint suite with free onboarding support and free consultation for pro customers from PC Matic and ArcheypeSC. Contact: emoore@pcmatic.com Reference Number: Expires: 12/31/2021 DISCLAIMER: Member-to-Member discounts are deals offered by the Myrtle Beach Area Chamber of Commerce members for MBACC members only.",2
62,https://www.itqlick.com/pc-matic/pricing,PC Matic - Why Rated 3.6/10? (Oct 2021) | ITQlick,https://www.itqlick.com/pc-matic/pricing,"https://www.itqlick.com/pc-matic/pricingWhen comparing PC Matic to its competitors, on a scale between 1 to 10 PC Matic is rated 3.6, which is less expensive than the average Antivirus Software software cost.PC Matic offers few flexible plans to its customers with the basic cost of a license starting from $49.99 per year.",1
63,https://www.millerwelds.com/support/contact-us-form,Contact Us | MillerWelds,https://www.millerwelds.com/support/contact-us-form,"https://www.millerwelds.com/support/contact-us-formIt is important to us that we connect you to the right people at Miller to get the information you need. Select the most appropriate category for your comment or question. Please provide as much detail as possible; we will respond to the best of our ability with the information given. For inquiries outside the US or Canada, contact a representative in Miller's global network of ‚Ä¶",1
64,https://service.mcafee.com/contact,Contact McAfee Customer Service,https://service.mcafee.com/contact,"https://service.mcafee.com/contactGet FREE support for your McAfee products. We'll help you with installation, activation, and billing. Access to self help options as well as live support via chat and phones. McAfee will NEVER charge you for product support.",3
65,https://netprotector-supportnumber.blogspot.com/,NetProtector Support Number and Customer Service,https://netprotector-supportnumber.blogspot.com,"https://netprotector-supportnumber.blogspot.comOct 26, 2018¬†¬∑ NetProtector Support Number and Customer Service. Net Protector AntiVirus plus features an antivirus and internet security that provides protection against viruses, Trojans, spywares, adware and other online threats. Net Protector AntiVirus plus internet security 2018 is free to download on your PC that protects your computer from various threats.",3
66,https://dropboxnumber.blogspot.com/,Dropbox Customer Support 1 800-208-9501 Number,https://dropboxnumber.blogspot.com,"https://dropboxnumber.blogspot.comOct 12, 2018¬†¬∑ The Dropbox Technical Support Phone Number system is operated by highly qualified and trained experts who can resolve any service related concern that client may have. Now with our Dropbox Phone Number option you can directly be in contact with one of the experts to get any help or answer. Dropbox will never leave your hand once; you join with it.",3
67,https://www.itqlick.com/pc-matic/demo,PC Matic Demo | 65 Must Ask Questions | ITQlick,https://www.itqlick.com/pc-matic/demo,"https://www.itqlick.com/pc-matic/demoOct 21, 2021¬†¬∑ PC Matic Demo With Software Vendor V/s Unbiased Consultant. Good product demos have to be perfect for the audience, not for the product. Vendors try to motivate customers to buy their product by showing that it will have a long-term positive impact on their business.",1
69,https://www.eventlooking.com/reinstall-pc-matic-antivirus,Reinstall Pc Matic Antivirus - Discover The Best Events ...,https://www.eventlooking.com/reinstall-pc-matic-antivirus,"https://www.eventlooking.com/reinstall-pc-matic-antivirusPC Matic uses a whitelist based protection to defeat the fake virus scam. These websites always popup a phone number, and PC Matic blocks any website that shows a phone number inside a pop-up window unless it's a whitelisted phone number from a legitimate company. While the page is blocked the user is redirected to a safe webpage with ...",2
70,https://www.eabco.net/PC-Matic_c_3735.html,PC-Matic - eabco.net,https://www.eabco.net/PC-Matic_c_3735.html,https://www.eabco.net/PC-Matic_c_3735.htmlPlease Enter the Number of Computers (Quantity of Endpoints) You Will be Installing PC Matic Pro On.,2
71,https://sites.google.com/site/pcmaticantivirusnotworking/,PCMaticantivirusnotworking - Google Search,https://sites.google.com/site/pcmaticantivirusnotworking,"https://sites.google.com/site/pcmaticantivirusnotworkingNow try and Open PC Matic antivirus, I am sure this can fix PC Matic not working or starting issue. If it‚Äôs not resolved then contact our 24/7 Tech-Support Team @1(866)987‚Äì2475 If it‚Äôs not resolved then contact our 24/7 Tech-Support Team @1(866)987‚Äì2475",2
72,https://www.raxco.com/support-home-products,Support for Home Products | Raxco Software,https://www.raxco.com/support-home-products,"https://www.raxco.com/support-home-productsPhone Number. 123-456-7890. Order #, Subscription # or License Key. Attachment. Optionally submit a screenshot or a document that shows or explains the problem you're having. 5MB max limit, limited to images (JPEG/PNG/GIF/BMP), plain text, MS Word, ZIP, or PDF. RemoveText.",1
73,https://pages.rediff.com/zonealarm-antivirus-customer-service-number/2155682,ZoneAlarm Antivirus customer Service Number - Rediff Pages ...,https://pages.rediff.com/zonealarm-antivirus...,https://pages.rediff.com/zonealarm-antivirus...No Detailed Information available. Posted on: 03:50 PM - 22 Jul 17. zonealarm antivirus customer service number has shared a link. PC Matic Antivirus Customer Service 1-855-212-2247 Support Contact Details. PC Matic Antivirus Contact info- here you can find PC Matic Antivirus Customer Service and Support Phone Helpline Number.,4
74,https://en.freedownloadmanager.org/Windows-PC/PC-Matic.html,PC Matic (free version) download for PC,https://en.freedownloadmanager.org/Windows-PC/PC-Matic.html,"https://en.freedownloadmanager.org/Windows-PC/PC-Matic.htmlJul 08, 2010¬†¬∑ PC Matic was developed to work on Windows XP, Windows Vista, Windows 7, Windows 8 or Windows 10 and can function on 32-bit systems. The following versions: 3.0, 1.1 and 1.0 are the most frequently downloaded ones by the program users.",1
75,https://www.tenforums.com/software-apps/77405-active-x-will-not-run-no-matter-what-tried.html,Active-X will not run no matter what is tried - Ten Forums,https://www.tenforums.com/software-apps/77405...,"https://www.tenforums.com/software-apps/77405...Feb 22, 2017¬†¬∑ Windows 10 64 bit. I have PC Matic on my laptop and up until Jan of this year it has worked just fine. Now no matter what settings are clicked in Options in Explorer, Active-X will not load nor run if downloaded after being removed. Local and intranet settings have been set many,many times with no results. PC Matic support team played with my ...",1
76,https://cube47.blogspot.com/2020/06/cats-glorious-cats.html,"The BLOG: Cats, Glorious Cats",https://cube47.blogspot.com/2020/06/cats-glorious-cats.html,"https://cube47.blogspot.com/2020/06/cats-glorious-cats.htmlJun 22, 2020¬†¬∑ PC Matic technical support phone number PC Matic antivirus support chat. September 26, 2020 7:09 AM Kevin Jonas said ... 10 is a little bit messy and with the help of our experts, you can install easily. If you face any technical issue, Contact McAfee technical support team McAfee Help Number UK for support. October 27, 2020 11:52 PM",2
77,https://support.google.com/mail/?hl=en,Gmail Help - Google,https://support.google.com/mail,"https://support.google.com/mailOut of office or vacation reply. Use Gmail offline. Create labels to organize Gmail. Display & accessibility. Try experimental features in Gmail. Show your calendar status in Gmail. Change your Gmail availability & status. Smart features & personalization controls in Gmail, Chat, Meet, and other Google services.",1
79,https://afymada.org/actualites/laptop-or-computer-matic-price-ways-to-get-pc-matic-for-less/,LAPTOP OR COMPUTER Matic Price - Ways to get PC Matic For ...,https://afymada.org/actualites/laptop-or-computer...,"https://afymada.org/actualites/laptop-or-computer...The PC Matic price varies with respect to the number of pcs you have and the type of product you need. The buyer price is 50 dollars per try this out year for as much as five computer systems. Large businesses can choose an even more flexible arrange, which costs as much as $1500.",2
81,https://support.hp.com/us-en/product/hp-pavilion-all-in-one-pc-24-qa000a/17200061/troubleshooting,HP Pavilion All-in-One PC 24-qa000a ... - support.hp.com,https://support.hp.com/us-en/product/hp-pavilion...,"https://support.hp.com/us-en/product/hp-pavilion...Select an appropriate method for your product: Desktops & All-in-Ones. Some products utilize the keyboard shortcut ‚ÄòCtrl + Alt + S‚Äô; the product information will appear after a short delay. If that doesn‚Äôt work, this information can also be found on your bar code stickers, typically located on the back of your product.",1
82,https://360infotechhelp.blogspot.com/,Info Tech Help,https://360infotechhelp.blogspot.com,"https://360infotechhelp.blogspot.comAug 13, 2021¬†¬∑ PC Matic Customer Service Phone Number . Presently you can without much of a stretch be found anyplace from the Internet through their telephone number can get to the PC Matic Technical Support Helpdesk. All you need is to tell the PC Matic customer service number and the leader issue is confronting you for how to get PC Matic permit key. The ...",3
83,https://support.norton.com/sp/en/us/norton-identity-protection/current/contact,"Contact Norton Support ‚Äì Norton Phone Number, and Chat ...",https://support.norton.com/sp/en/us/norton-identity-protection/current/contact,"https://support.norton.com/sp/en/us/norton-identity-protection/current/contactContact Support: Get help online, via chat or call us 24 hours a day, 7 days a week. Live Chat Chat with an agent for the fastest way to solve your issue. Chat Support is open 24 hours a day, 7 days a week; Easy assistance with little or no wait ‚Ä¶",3
84,https://basecamp.org/2022/02/,February 2022 ‚Äì BASE Camp,https://basecamp.org/2022/02,"https://basecamp.org/2022/02PC Matic for Google android is a no cost application that scans the device meant for malware. Additionally, it performs system files and checks for malicious habits. The software can be bought in the official Yahoo Play app-store. The support staff is certainly knowledgeable and committed to your satisfaction. If you come across any concern ‚Ä¶",1
85,https://www.malwarebytes.com/contact,We'd Love to Hear From You - Contact Us,https://www.malwarebytes.com/contact,https://www.malwarebytes.com/contactI need to contact support. Consumer support. Business support. I am interested in protection for my business. I would like to partner with Malwarebytes. I have press related questions or inquiries. I want to report a security vulnerability to the Malwarebytes' bug bounty program.,3
86,https://www.webroot.com/us/en/support/home-contact,Official Home & Home Office Support Contact Information ...,https://www.webroot.com/us/en/support/home-contact,https://www.webroot.com/us/en/support/home-contactOfficial Webroot support page for antivirus and internet security Home products. Submit a ticket or call to get free support from Webroot‚Äôs team of security experts.,3
87,https://howtoupdatespywareremovalantivirus.blogspot.com/,How to update Spyware Removal Antivirus (Toll-Free),https://howtoupdatespywareremovalantivirus.blogspot.com,"https://howtoupdatespywareremovalantivirus.blogspot.comApr 03, 2018¬†¬∑ Get in touch with experts via Spyware Removal help number, As you dial the toll-free Spyware Removal contact number, you get connected with experts over the phone.The technician looks over your PC via the software tool and within a couple of minutes, you get fixed. - This is a kind of instant Spyware Removal support, you would get fixed at the same time and ‚Ä¶",2
88,https://www.blackberry.com/us/en/support/smartantivirus,Cylance Smart Antivirus Support - BlackBerry,https://www.blackberry.com/us/en/support/smartantivirus,https://www.blackberry.com/us/en/support/smartantivirusCylance Smart Antivirus Support. Please note that BlackBerry is no longer accepting new orders for SmartAV through the shop.cylance.com website. The contact form below is for existing customer support issues.,3
89,https://intotomorrow.com/tag/pc-matic/,PC Matic ‚Äì Into Tomorrow with Dave Graveline,https://intotomorrow.com/tag/pc-matic,"https://intotomorrow.com/tag/pc-maticDave Graveline and the Into Tomorrow team are deeply passionate about consumer tech. Since 1996, we've been discovering, testing, playing, and living with the technology available today and ...",3
90,https://www.triplast.com/pc-matic-meant-for-android-assessment/,PC Matic Meant for Android Assessment ‚Äì Triplast Plastic ...,https://www.triplast.com/pc-matic-meant-for-android-assessment,"https://www.triplast.com/pc-matic-meant-for-android-assessmentPC Matic for Android is a absolutely free application that scans your device with regards to malware. Additionally, it performs system files and checks with respect to malicious actions. The software can be bought inside the official Yahoo Play app store. The support staff can be knowledgeable and committed to your pleasure.",2
91,https://servicepiriformccleaner.wordpress.com/,Piriform CCleaner Customer Service +1 805-261-3073 Number,https://servicepiriformccleaner.wordpress.com,"https://servicepiriformccleaner.wordpress.comNov 03, 2021¬†¬∑ With PC Matic, you can help to take some of the tech-related stress out of your life or the life of someone you care about. ... CCLEANER is one of the best-known for Customer Service care on 1800 1888 Email Service Phone Number. Call to Contact 800 telephone Help Desk Helpline center Representative for Mail, webmail Service Live Chat USA FOR ...",1
93,https://www.pccomputerguy.com/Tech-Tips-Article-Pc-Matic,PC Matic - Don't do it. | PC Computer Guy,https://www.pccomputerguy.com/Tech-Tips-Article-Pc-Matic,"https://www.pccomputerguy.com/Tech-Tips-Article-Pc-MaticSo do yourself and your computer a favor and don't load this PC Matic software onto your computer. Odds are, if you do - you'll likely be calling us out to save you! If you are interested in learning how to keep your computer running well check out these articles: Registry Cleaners - DONT DO IT! 317-883-7224 (Yes!",4
95,https://www.msptechnews.com/cybersecurity/pc-matic/,What MSPs Think Of PC Matic - News From The Managed ...,https://www.msptechnews.com/cybersecurity/pc-matic,"https://www.msptechnews.com/cybersecurity/pc-maticSep 25, 2020¬†¬∑ PC Matic automates your whitelisting and blacklisting process. Once the program has been installed, it scans your computer‚Äôs programs. If a program is identified as either an unknown program or as malware or a virus, it is automatically blocked. It is then submitted to PC Matic‚Äôs malware research team for review, preventing the program from ...",3
96,https://support.celsius.network/hc/en-us,Celsius Network,https://support.celsius.network,https://support.celsius.networkCategories. API Portal; Knowledge base; Promoted articles. How can I receive coins to my Celsius account? Does Celsius support Binance Chain (BEP-2)?,2
97,https://www.tenforums.com/general-support/114516-im-administrator-how-fix-3.html,I'm the administrator. How to fix this? - Page 3 - Windows ...,https://www.tenforums.com/general-support/114516...,"https://www.tenforums.com/general-support/114516...Jul 22, 2018¬†¬∑ By opening My PC Properties / Advanced System Settings / Hardware / Device Manager will open Device Manager. My Computer. My Computer. Computer Type: PC/Desktop. System Manufacturer/Model Number: Custom built. OS: Windows 11 Pro 64-bit, Version 21H2 (OS Build 22000.348) CPU: AMD Ryzen 9-3900X 12-Core 3.80Ghz.",1
98,https://www.eabco.net/PC-Matic-Pro-Endpoint-Suite--THREE-Years-of-Protection-per-Computer_p_15683.html,PC-Matic Pro Endpoint Suite - THREE Years of Protection ...,https://www.eabco.net/PC-Matic-Pro-Endpoint-Suite...,"https://www.eabco.net/PC-Matic-Pro-Endpoint-Suite...Product Features. PC Matic Pro Endpoint Suite. Business Subscription - THREE Years Protection Per Computer. - White Listing Anti-Virus, Anti-Ransomware, Anti-Malware, Security and Performance Enhancing Software for Businesses. PC Matic Pro Endpoint Suite downloads and installs on all of the computers in your business... On site as well as remote.",1
100,https://antivirus.thetop10sites.com/bitdefender-vs-pc-matic,Bitdefender vs PC Matic: Complete Antivirus Comparison 2022,https://antivirus.thetop10sites.com/bitdefender-vs-pc-matic,"https://antivirus.thetop10sites.com/bitdefender-vs-pc-maticBitdefender vs PC Matic Antivirus Which one comes out on top? Complete antivirus comparison Price, security features, compatibility, malware detection, and more. ... Number Of Computers. 3 . 5 . 20 . Unlimited . 5 . 5 . Advance Firewall. Anti-Ransomware. ... We support the CCPA by allowing California residents to opt-out of any future sale of ...",3
101,https://support.mozilla.org/en-US/questions/1059661,Is firefox 's latest upgrade compatible with PC Matic ...,https://support.mozilla.org/en-US/questions/1059661,"https://support.mozilla.org/en-US/questions/1059661Apr 28, 2015¬†¬∑ Avoid support scams. We will never ask you to call or text a phone number or share personal information. Please report suspicious activity using the ‚ÄúReport Abuse‚Äù option. Learn More. This thread was archived. ... if PC Matic protection is compatible? I had a different protection and firefox would not let several of the addons work.",3
102,https://www.youtube.com/watch?v=Qp21e_Eziao,PC Matic Assist Number - YouTube,https://www.youtube.com/watch?v=Qp21e_Eziao,https://www.youtube.com/watch?v=Qp21e_EziaoPC Matic Assist Number ‚òé+1-(925)-267-8761. The most effective method to Get PC Matic Support Recently it has been drawn out into the open there are a few uni...,3
103,https://www.youtube.com/watch?v=cyjGCxhHkfw,PC Matic Assist Number - YouTube,https://www.youtube.com/watch?v=cyjGCxhHkfw,https://www.youtube.com/watch?v=cyjGCxhHkfwPC Matic Assist Number ‚òé+1-(925)-267-8761. PC Matic How-to Videos. PC Matic is a grouping of different advancements under one hood and one composed plan: dis...,2
104,https://br.advfn.com/forum/advfn/20800216,Pc Matic ‚òé+1-(925)-267-8761 Pc Matic Tech Support Number ...,https://br.advfn.com/forum/advfn/20800216,"https://br.advfn.com/forum/advfn/2080021610 hours ago¬†¬∑ FORUM Pc Matic ‚òé+1-(925)-267-8761 Pc Matic Tech Support Number| Is Pc Matic Down P√°gina 1 de 0: Pc Matic Troubleshooting If you encounter software program issues while using PC Matic, you may ...",3
105,https://www.facebook.com/PC-Matic-Support-Phone-Number-106427618096942/,Facebook,https://www.facebook.com/PC-Matic-Support-Phone...,"https://www.facebook.com/PC-Matic-Support-Phone...See posts, photos and more on Facebook.",3
107,https://www.shoppok.com/pueblo-ct/computer-services-cg,"Computer Services ads in Pueblo, CO - Shoppok",https://www.shoppok.com/pueblo-ct/computer-services-cg,"https://www.shoppok.com/pueblo-ct/computer-services-cgPC Matic Assist Number ‚òé+1-(925)-267-8761. Directions to Get PC Matic Support Recently it has been drawn out of the shadows there are a couple of exceptional organizations and sponsorship affiliations that are maintaining to give particular help to PC Matic. These people are posting a fake PC Matic telephone number, claiming to give assistance.",1
109,https://www.dailymotion.com/dm_8c950e53bd4e6c33f83f0cab21af6aa8,dm_8c950e53bd4e6c33f83f0cab21af6aa8 videos - Dailymotion,https://www.dailymotion.com/dm_8c950e53bd4e6c33f83f0cab21af6aa8,https://www.dailymotion.com/dm_8c950e53bd4e6c33f83f0cab21af6aa8PC Matic Assist Number ‚òé+1 914 250 9099. Most viewed. 00:56,1
110,https://math.answers.com/Q/Does_The_number_18.34_has_four_significant_figures,Does The number 18.34 has four significant figures? - Answers,https://math.answers.com/Q/Does_The_number_18.34...,"https://math.answers.com/Q/Does_The_number_18.34...Sep 01, 2009¬†¬∑ 4.884 has four significant figures and 2.25 has three significant figures. 4.884 x 2.25 = 10.989 = 11.0 rounded to three significant figures. When multiplying or dividing, the result must have the same number of significant figures as the number in the problem with the fewest significant figures.",1
111,http://omerosecchiari.it/demkh,omerosecchiari.it,omerosecchiari.it/demkh,"omerosecchiari.it/demkhApr 08, 2014 ¬∑ bookmarklet for browsers, which can be used to add video from various sources and websites to a queue in the Plex web app. PC Matic support is always FREE, and is conducted 100% in the United States. 174. . Instead, you will have to check each file separately and unblock them one at a time. 0.",1
112,http://gmfer.it/ntgqx,gmfer.it,gmfer.it/ntgqx,"gmfer.it/ntgqx19 hours ago¬†¬∑ Our delivery is very easy. By Chambo110, July 24, 2020 in Defender Forum (1983 - 2016) USA seller of new and NTO (new take off) Puma Defender bodies and parts. These websites always popup a phone number, and PC Matic blocks any website that shows a phone number inside a pop-up window unless it‚Äôs a whitelisted phone number from a legitimate ...",1
114,https://math.answers.com/Q/What_is_10000000000000_divided_by_365,What is 10000000000000 divided by 365? - Answers,https://math.answers.com/Q/What_is_10000000000000_divided_by_365,"https://math.answers.com/Q/What_is_10000000000000_divided_by_365Feb 26, 2021¬†¬∑ PC Matic Assist Number 1/(850)/387/2331? Asked By micknight99. PC Matic Customer Support 1/(850)/387/2331? Asked By micknight99. Hottest Questions . What is Juneteenth? Asked By Sabryna Dooley. How many pennies in 600 dollars? Asked By Leann Raynor. How many novels did Charles Dickens write? ...",2
115,https://math.answers.com/Q/What_is_324_divided_by_23,What is 324 divided by 23? - Answers,https://math.answers.com/Q/What_is_324_divided_by_23,"https://math.answers.com/Q/What_is_324_divided_by_23Feb 26, 2021¬†¬∑ PC Matic Assist Number 1/(850)/387/2331? Asked By micknight99. PC Matic Customer Support 1/(850)/387/2331? Asked By micknight99. Hottest Questions . What is Juneteenth? Asked By Sabryna Dooley. How many pennies in 600 dollars? Asked By Leann Raynor. How many novels did Charles Dickens write? ...",2
116,"https://www.shoppok.com/pensacola/a,39,269572,WALK-A-MATIC--measures-miles-walked-and-jogged----5--Gulf-Breeze-.htm",WALK A MATIC--measures miles walked and jogged - $5 (Gulf ...,"https://www.shoppok.com/pensacola/a,39,269572,WALK...","https://www.shoppok.com/pensacola/a,39,269572,WALK...In the event that Pc matic Not working or not opening on your Windows PC or cell phone. Then, at that point, you call pc matic number so a professional will assist you with fixing the issue. At times client face pc matic not introducing, pc matic not working, pc matic not reacting, pc matic has s ... PC Matic Telephone Number ‚òé+1-(925)-267-8761",1
118,https://www.shoppok.com/newyork-ct/computer-services-cg2,"Computer Services ads in New York, NY - Shoppok - Page 2",https://www.shoppok.com/newyork-ct/computer-services-cg2,"https://www.shoppok.com/newyork-ct/computer-services-cg2How do I Contact ‚òé+1-(925)-267-8761 PC Matic Support . PC Matic Activation Key. For PC Matic, you essentially need to login with an equivalent enrolled email tackle , and secret verbalization as was once now used for the crucial foundation.",1
119,https://www.shoppok.com/buy-and-sell-cg2,For Sale ads - Shoppok - Page 2,https://www.shoppok.com/buy-and-sell-cg2,https://www.shoppok.com/buy-and-sell-cg2PC Matic Assist Number ‚òé+1-(925)-267-8761. Get Quick Help & Support. Call Toll Free @ ‚òé+1-(925)-267-8761 How to install PC Matic? PC Matic is an Antivirus software that protects all the security product on your system. The PC Matic ‚Ä¶,2
120,https://math.answers.com/Q/96_132_in_lowest_terms,96 132 in lowest terms? - Answers.com,https://math.answers.com/Q/96_132_in_lowest_terms,"https://math.answers.com/Q/96_132_in_lowest_termsSep 27, 2010¬†¬∑ PC Matic Assist Number 1/(850)/387/2331? Asked By micknight99. PC Matic Customer Support 1/(850)/387/2331? Asked By micknight99. Hottest Questions . What is Juneteenth? Asked By Sabryna Dooley. How many pennies in 600 dollars? Asked By Leann Raynor. How many novels did Charles Dickens write? ...",2
121,https://math.answers.com/Q/What_number_times_itself_times_itself_equals_15,What number times itself times itself equals 15? - Answers,https://math.answers.com/Q/What_number_times_itself_times_itself_equals_15,"https://math.answers.com/Q/What_number_times_itself_times_itself_equals_15Nov 29, 2015¬†¬∑ PC Matic Assist Number +1-(850)-387-2331? Asked By Deren Ganga. what is 5.9999 to the nearest thousands? Asked By Carrie Murphy. What is the +808.400.1770 Jaxx Wallet helpdesk number helpline, helpdesk, service, care, ‚Ä¶",2
122,https://www.answers.com/Q/Who_is_the_actress_in_the_PC_matic_flower_shop_ad,Who is the actress in the PC matic flower shop ad? - Answers,https://www.answers.com/Q/Who_is_the_actress_in...,"https://www.answers.com/Q/Who_is_the_actress_in...Feb 19, 2013¬†¬∑ For more information, please contact PC matic phone number +1 210 591 8710. Here's a PC Matic support team will help you with the ‚Ä¶",3
123,https://www.eworldtrade.com/importers/tablet-pc-buyer/,"Tablet PC : Importers, Buyers, Wholesalers and Purchase ...",https://www.eworldtrade.com/importers/tablet-pc-buyer,"https://www.eworldtrade.com/importers/tablet-pc-buyer31 Jan, 2022 PC MATIC Toll Free<>*1*866*971^2778*<> Number Customer Care Number. PC MATIC Toll Free*1*866*971^2778* Number Customer Care Number Toll free number * Customer Service Number #2048*-49 SuPPORT number @rippleXRP Customer Support technical knowledge and supportive nature of the person AOL GOLDending it that goes many ‚Ä¶",5
129,https://www.darkreading.com/endpoint/pc-matic-survey-one-year-after-onset-of-covid-19-pandemic-employer-work-from-home-cybersecurity-practices-remain-inadequate,PC Matic Survey: One Year After Onset of COVID-19 Pandemic ...,https://www.darkreading.com/endpoint/pc-matic...,"https://www.darkreading.com/endpoint/pc-matic...Mar 23, 2021¬†¬∑ In 2021, this number ticked up slightly to 49% of remote workers responding that they were not receiving technical assistance from their employer. Six of ‚Ä¶",3
130,https://www.gotomypc.com/members/login.tmpl,GoToMyPC Login - Access Your Account,https://www.gotomypc.com/members/login.tmpl,"https://www.gotomypc.com/members/login.tmplNeed help? 24/7 Global Customer Support. Search online help files, watch training videos, download user guides or contact Global Customer Support 24 hours a day, 7 days a week.",2
131,https://www.hp.com/in-en/shop/contact-us,Contact Us | HP Store India,https://www.hp.com/in-en/shop/contact-us,https://www.hp.com/in-en/shop/contact-usCall HP Online Store. For home customers: 1- (800)-108-4747. For business customers: 1- (800)-108-4746. Call: 18002587170 or 30306363 (prefix STD code) WhatsApp Sales Support +18337500500. WhatsApp Post Sales Support +18335950700. Compare Products. Laptops ( 0 ),2
132,https://bestantiviruspcmatic.blogspot.com/,"Best Antivirus PC Matic, PC Matic Best Antivirus for Your ...",https://bestantiviruspcmatic.blogspot.com,"https://bestantiviruspcmatic.blogspot.comJun 10, 2019¬†¬∑ PC Matic Support Number +1-800-208-9501 Toll Free in USA. If you are facing any kind of problems with PC Matic Antivirus in your Machine, picked up your cell phone and dial our toll free number and concern our technicians and fix your issues.",5
134,https://issuu.com/pcmatic/docs/pcm_consumer_userguide,PC Matic User Guide by PC Matic - Issuu,https://issuu.com/pcmatic/docs/pcm_consumer_userguide,"https://issuu.com/pcmatic/docs/pcm_consumer_userguideJul 25, 2017¬†¬∑ Support ‚Äì To access the only official and free PC Matic support click the Support icon. 2. Shop ‚Äì To add licenses or purchase a license if you are using the ‚Ä¶",5
135,https://www.eventlooking.com/pc-matic-download-install,Pc Matic Download Install - Discover The Best Events Near You,https://www.eventlooking.com/pc-matic-download-install,"https://www.eventlooking.com/pc-matic-download-installFake Virus Scams. PC Matic uses a whitelist based protection to defeat the fake virus scam. These websites always popup a phone number, and PC Matic blocks any website that shows a phone number inside a pop-up window unless it's a whitelisted phone number from a ‚Ä¶",2
136,https://www.thetop10sites.com/antivirus/pc-matic-vs-webroot,Webroot vs PC Matic: Complete Antivirus Comparison 2022,https://www.thetop10sites.com/antivirus/pc-matic-vs-webroot,"https://www.thetop10sites.com/antivirus/pc-matic-vs-webrootWebroot vs PC Matic: Complete Antivirus Comparison 2022 . Webroot vs PC Matic Antivirus. Which one comes out on top? Complete antivirus comparison on price, security features, compatibility, malware detection, and more.",1
137,https://www.thetop10sites.com/antivirus/panda-security-vs-pc-matic,PC Matic vs Panda Security: Complete Antivirus Comparison 2021,https://www.thetop10sites.com/antivirus/panda-security-vs-pc-matic,"https://www.thetop10sites.com/antivirus/panda-security-vs-pc-maticPC Matic vs Panda Security: Complete Antivirus Comparison 2021. PC Matic vs Panda Security Antivirus. Which one comes out on top? Complete antivirus comparison on price, security features, compatibility, malware detection, and more. Whitelist-based antivirus blocks any unknown program, malicious or not.",2
138,https://www.pinterest.com/smithangela0110/pc-matic/,"12 PC Matic ideas | accounting, usb keys, app home screen",https://www.pinterest.com/smithangela0110/pc-matic,"https://www.pinterest.com/smithangela0110/pc-maticFeb 3, 2021 - Explore Smith Angela's board ""PC Matic"" on Pinterest. See more ideas about accounting, usb keys, app home screen.",1
140,https://serialms.com/a/g/pc/pc+matic+2021/,"pc matic 2021 serial number, key",https://serialms.com/a/g/pc/pc+matic+2021,"https://serialms.com/a/g/pc/pc+matic+2021Pc matic 2021 serial numbers are presented here. No registration. The access to our data base is fast and free, enjoy.",2
141,https://www.nativeplanet.com/canon-toll-free-numbers-india-1229.html,Canon Toll Free Number India | Customer Care Number ...,https://www.nativeplanet.com/canon-toll-free-numbers-india-1229.html,"https://www.nativeplanet.com/canon-toll-free-numbers-india-1229.htmlThis customer care number helps the customer to contact the help desk of Canon with Free of cost. Using toll free services, call charges is paid by them, irrespetive of the the duration of the call. Also use our toll Free Number finder that will help you to find out the toll free number or customer care number of any business in India.",1
142,https://support.norton.com/sp/en/us/home/current/contact-phone,Contact Norton Support ‚Äì Norton Phone Number Support ‚Ä¶,https://support.norton.com/sp/en/us/home/current/contact-phone,https://support.norton.com/sp/en/us/home/current/contact-phonePlease fill out this form and get the phone number. This will allow us to locate your account information and create a support case. and 23 characters. Invalid format. and 23 characters. Invalid format. Must be between 7 and 45 characters. Invalid format. Must ‚Ä¶,2
143,https://finance.yahoo.com/news/pc-matic-survey-finds-one-145200898.html,PC Matic Survey Finds One Year After Onset of COVID-19 ...,https://finance.yahoo.com/news/pc-matic-survey-finds-one-145200898.html,"https://finance.yahoo.com/news/pc-matic-survey-finds-one-145200898.htmlMar 23, 2021¬†¬∑ ""Work from home is here to stay,"" said Rob Cheng, CEO and Founder of PC Matic.""As threat-actors continue to target remote workers, and as the number of ransomware attacks continues to surge, it is ...",2
144,https://www.yelp.com/biz/pc-matic-sijsele-damme,"PC-MATIC - Web Design - Dorpsstraat 49, Sijsele - Damme ...",https://www.yelp.com/biz/pc-matic-sijsele-damme,"https://www.yelp.com/biz/pc-matic-sijsele-dammePc-Matic in Sijsele - Damme, reviews by real people. Yelp is a fun and easy way to find, recommend and talk about what‚Äôs great and not so great in Sijsele - Damme and beyond.",1
145,https://www.downloadkeeper.com/pc-matic-free-license-key-crack-serial-download.html,PC Matic Free License Key - DownloadKeeper,https://www.downloadkeeper.com/pc-matic-free...,"https://www.downloadkeeper.com/pc-matic-free...Jan 23, 2022¬†¬∑ PC Matic Free License Key DVDRip. 14-Jan-2022. 2,624 KB/s. Showing 6 download results of 6 for PC Matic Free License Key. Welcome To DownloadKeeper.com. DownloadKeeper.com provides 24/7 fast download access to the most recent releases. We currently have 593,854 direct downloads including categories such as: software, movies, ‚Ä¶",1
146,https://carehealthjobs.com/pc-matic-careers,Pc Matic Careers | Now Hiring,https://carehealthjobs.com/pc-matic-careers,"https://carehealthjobs.com/pc-matic-careersPC Matic Reviews - Legit or Scam? - Reviewopedia. Posted: (6 days ago) PC Matic, formerly PC Pitstop, is an online application used to scan your computer for viruses, from where the company states its software will remove any existing viruses and block the threat of new ones.. In addition, it is able to locate updates and apply these updates to programs running on your computer.",1
147,https://zekeblog.wordpress.com/2014/08/14/pc-matic-paddock/,PC Matic Paddock | ZekeBlog 2.0,https://zekeblog.wordpress.com/2014/08/14/pc-matic-paddock,"https://zekeblog.wordpress.com/2014/08/14/pc-matic-paddockAug 14, 2014¬†¬∑ PC Matic seems to be a fusion of those four applications‚Ä¶with the severe disadvantage of great harm to a significant percentage of users. You don‚Äôt know me, but I‚Äôve been around PC‚Äôs and cyberspace for quite a number of years.",2
148,https://carehealthjobs.com/pc-matic-jobs-at-home,Pc Matic Jobs At Home | Now Hiring,https://carehealthjobs.com/pc-matic-jobs-at-home,"https://carehealthjobs.com/pc-matic-jobs-at-homePC Pitstop - Remote Work From Home & Flexible Jobs | FlexJobs. Posted: (10 days ago) Up to 10% cash back ¬∑ PC Pitstop is a growing, award-winning provider of PC diagnostic solutions for clients around the world. Founded in 1999 with the goal of developing a more efficient solution to common computer troubleshooting, PC Pitstop is now the number one website for PC ‚Ä¶",2
149,https://antivirus.thetop10sites.com/avg-vs-pc-matic,PC Matic vs AVG: Complete Antivirus Comparison 2021,https://antivirus.thetop10sites.com/avg-vs-pc-matic,"https://antivirus.thetop10sites.com/avg-vs-pc-maticPC Matic vs AVG: Complete Antivirus Comparison 2021 . PC Matic vs AVG Antivirus. Which one comes out on top? Complete antivirus comparison on price, security features, compatibility, malware detection, and more.",2
150,https://pcwin.com/downloads/Pc-Matic.htm,Pc Matic - Free Software Downloads and Reviews,https://pcwin.com/downloads/Pc-Matic.htm,"https://pcwin.com/downloads/Pc-Matic.htmPc Matic integrates several modules in one program for ... Pic-Matic v1.0 is an easy-to-use and completely customizable photo slideshow with support for a variety of frame styles, 17 different special effects (transitions) and the ability to cycle through the photos automatically with a single click. It includes a number of extra frame ...",2
151,https://play.google.com/store/apps/details?id=com.pcmatic.android&hl=en_US&gl=US,PC Matic - Apps on Google Play,https://play.google.com/store/apps/details?id=com.pcmatic.android,"https://play.google.com/store/apps/details?id=com.pcmatic.androidFEATURES: - Real-Time Protection: PC Matic scans apps as they are installed for any signs of bad behavior. - On-Demand Scanning: Optionally scan every existing file on your device for viruses - including system files. - Scheduled Scans: Adjust your scan schedule to your needs. Schedule scans hourly, daily, weekly, or not at all.",1
152,https://www.e-channelnews.com/pc-matic-corey-munson-joins-julian-lee/,PC Matic‚Äôs Corey Munson joins Julian Lee to talk about ...,https://www.e-channelnews.com/pc-matic-corey-munson-joins-julian-lee,"https://www.e-channelnews.com/pc-matic-corey-munson-joins-julian-leeMar 23, 2021¬†¬∑ Julian Lee recently interviewed Corey Munson of PC Matic to talk about cybersecurity and opportunities for MSPs and MSSPs. PC Matic recently released its second annual report analyzing trends between cybersecurity and employees who are working from home amidst the COVID-19 pandemic. The report shows that one year later, nothing has changed ‚Ä¶",1
153,https://www.pinterest.com/pcmatic0561/pc-matic/,"24 PC Matic ideas | cyber security, antivirus protection ...",https://www.pinterest.com/pcmatic0561/pc-matic,"https://www.pinterest.com/pcmatic0561/pc-maticMar 13, 2019 - Explore PC Matic's board ""PC Matic"" on Pinterest. See more ideas about cyber security, antivirus protection, cyber threat.",1
154,https://www.thetop10sites.com/antivirus/norton-360-vs-pc-matic,PC Matic vs Norton 360: Complete Antivirus Comparison 2022,https://www.thetop10sites.com/antivirus/norton-360-vs-pc-matic,"https://www.thetop10sites.com/antivirus/norton-360-vs-pc-maticPC Matic vs Norton 360: Complete Antivirus Comparison 2022. PC Matic vs Norton 360 Antivirus. Which one comes out on top? Complete antivirus comparison on price, security features, compatibility, malware detection, and more. Whitelist-based antivirus blocks any unknown program, malicious or not.",2
155,http://casafloyd.it/demkh,casafloyd.it,casafloyd.it/demkh,"casafloyd.it/demkh23 hours ago¬†¬∑ Make your code harder to copy and prevent people from stealing your work. ca Blog and then click and hold on the NYTClean link located in the middle of the page and drag it to your bookmarks toolbar. 6 - 10. Step 2. 236. Any image, link, or discussion of nudity. PC Matic support is always FREE, and is conducted 100% in the United States.",1
156,https://www.answers.com/Q/Who_are_actors_in_PC_Matic_commercial,Who are actors in PC Matic commercial? - Answers,https://www.answers.com/Q/Who_are_actors_in_PC_Matic_commercial,"https://www.answers.com/Q/Who_are_actors_in_PC_Matic_commercialJun 04, 2014¬†¬∑ This is PC Matic Phone Number +1-(925)-267-8761 If the above-given process doesn‚Äôt work for you then immediately contact to the PC Matic professional technician for support phone and service.",4
157,https://math.answers.com/Q/What_is_the_LCM_of_77_and_14,What is the LCM of 77 and 14? - Answers.com,https://math.answers.com/Q/What_is_the_LCM_of_77_and_14,"https://math.answers.com/Q/What_is_the_LCM_of_77_and_14Oct 06, 2010¬†¬∑ PC Matic Assist Number 1/(850)/387/2331? Asked By micknight99. Hottest Questions . What is Juneteenth? Asked By Sabryna Dooley. How many pennies in 600 dollars? Asked By Leann Raynor. How many novels did Charles Dickens write? Asked By ...",1
158,https://pcmatic-disappeared-from-computer.blogspot.com/,PCMatic disappeared from computer - Blogger,https://pcmatic-disappeared-from-computer.blogspot.com,"https://pcmatic-disappeared-from-computer.blogspot.comJan 27, 2021¬†¬∑ 5- your pc matic account will be reinstalled and you will get in to you new file account. if you any issue you can visit our support service program there executive will help you . at January 27, 2021 No comments: ... Call to Pcmatic customer Service Number for Call ‚òé 1 (209) 3988-708 ...",2
160,https://www.filefixation.com/pc-matic-crack-serial-keygen-download.html,PC Matic (7 Downloads Available),https://www.filefixation.com/pc-matic-crack-serial-keygen-download.html,"https://www.filefixation.com/pc-matic-crack-serial-keygen-download.htmlTo create more accurate search results for PC Matic try to exclude using commonly used keywords such as: crack, download, serial, keygen, torrent, warez, etc. Simplifying your search should return more download results. Many downloads like PC Matic may also include a crack, serial number, unlock code, cd key or keygen (key generator).",2
164,https://groups.google.com/g/ugvmohr0/c/cp9ZfnS8wVo,Pc Matic Reviews Consumer Reports,https://groups.google.com/g/ugvmohr0/c/cp9ZfnS8wVo,"https://groups.google.com/g/ugvmohr0/c/cp9ZfnS8wVoAug 06, 2021¬†¬∑ The pc matic also add your pc matic reviews consumer reports. Both services also elect an unlimited number of reports. How well as an existing malware hides and consumer reviews in the three programs on the behavior of systematic reviews",2
166,https://www.yelp.com/biz/pc-matic-lure,PC MATIC - UPDATED 2022 Professional Services ... - Yelp,https://www.yelp.com/biz/pc-matic-lure,"https://www.yelp.com/biz/pc-matic-lurePC Matic in Lure, reviews by real people. Yelp is a fun and easy way to find, recommend and talk about what‚Äôs great and not so great in Lure and beyond.",1
167,https://www.zoominfo.com/p/Rob-Cheng/2723977,Rob Cheng - Chief Executive Officer - PC Matic | ZoomInfo.com,https://www.zoominfo.com/p/Rob-Cheng/2723977,"https://www.zoominfo.com/p/Rob-Cheng/2723977Jan 29, 2022¬†¬∑ Chief Executive Officer at PC Matic. Rob Cheng has over 30 years experience in the sales, marketing and support in the computer industry. Prior to ‚Ä¶",2
168,https://www.thetop10sites.com/antivirus/pc-matic-vs-totalav,TotalAV vs PC Matic: Complete Antivirus Comparison 2022,https://www.thetop10sites.com/antivirus/pc-matic-vs-totalav,"https://www.thetop10sites.com/antivirus/pc-matic-vs-totalavTotalAV vs PC Matic: Complete Antivirus Comparison 2021. TotalAV vs PC Matic Antivirus. Which one comes out on top? Complete antivirus comparison on price, security features, compatibility, malware detection, and more. Free with purchase, enjoy over $300 worth of security add ons with TotalAV's innovative and thorough anitivrus protection.",1
169,https://apnews.com/press-release/pr-newswire/lifestyle-business-covid-19-pandemic-health-telecommuting-6e22ccc1376057b872353bdc1a97c66d,PC Matic Survey Finds One Year After Onset of COVID-19 ...,https://apnews.com/press-release/pr-newswire/...,"https://apnews.com/press-release/pr-newswire/...Mar 23, 2021¬†¬∑ MYRTLE BEACH, S.C., March 23, 2021 /PRNewswire/ -- Today, American cybersecurity firm, PC Matic, announced the release of its second annual report analyzing trends between cybersecurity and employees who are working from home amidst the COVID-19 pandemic. A follow up to research released by the firm in May 2020, the eleven-page report ‚Ä¶",1
170,https://us.acrofan.com/detail.php?number=541233,Application Whitelisting by PC Matic Available in ...,https://us.acrofan.com/detail.php?number=541233,"https://us.acrofan.com/detail.php?number=541233Oct 05, 2021¬†¬∑ MYRTLE BEACH, S.C., Oct. 5, 2021 /PRNewswire/ -- As ransomware attacks surge globally, Australians are choosing PC Matic's application whitelisting to proactively stop ransomware. PC Matic announced technical and sales support for its business product line, PC Matic Pro and PC Matic MSP, during Australian business hours. ""Our mission is to protect the ‚Ä¶",4
171,http://softzonesecrets.web.fc2.com/pc-matic-license-keygen.html,Pc Matic License Keygen,softzonesecrets.web.fc2.com/pc-matic-license-keygen.html,"softzonesecrets.web.fc2.com/pc-matic-license-keygen.htmlPitstop Pc Matic Serial Number, key, crack, keygen. I need license key free for pc pitstop pc matic - CA PC Pitstop Optimize 2.0 question. Official PC Matic/PC Pitstop Customer Service & Support What can we help you with? PC Matic How-to Videos. PC Matic is the collection of all of PC Pitstop's technologies under.",4
173,https://setiathome.berkeley.edu/forum_thread.php?id=76327,PC Matic vs Kaspersky. - SETI@home,https://setiathome.berkeley.edu/forum_thread.php?id=76327,"https://setiathome.berkeley.edu/forum_thread.php?id=76327Mar 09, 2006¬†¬∑ Message boards: Number crunching: PC Matic vs Kaspersky. ¬©2022 University of California SETI@home and Astropulse are funded by grants from the National Science Foundation, NASA, and donations from SETI@home volunteers. AstroPulse is funded in part by the NSF through grant AST-0307956.",1
174,https://oregonstates.blogspot.com/,Reproductive Plant Parts,https://oregonstates.blogspot.com,"https://oregonstates.blogspot.comMar 29, 2021¬†¬∑ pc matic support number hitmanpro support system-mechanic support. The stamen is the male reproductive organ. It consists of a pollen sac (anther) and a long supporting filament. This filament holds the anther in position, making the pollen available for dispersal by wind, insects, or pc matic support number hitmanpro support system-mechanic ...",2
175,https://www.answers.com/Q/Who_is_the_blonde_mom_in_the_PC_matic_commercials,Who is the blonde mom in the PC matic commercials ...,https://www.answers.com/Q/Who_is_the_blonde_mom_in...,"https://www.answers.com/Q/Who_is_the_blonde_mom_in...May 22, 2012¬†¬∑ For more information, please contact PC matic phone number +1 210 591 8710. Here's a PC Matic support team will help you with the ‚Ä¶",3
176,https://www.downloadkeeper.com/pc-matic-crack-serial-download.html,PC Matic - DownloadKeeper,https://www.downloadkeeper.com/pc-matic-crack-serial-download.html,"https://www.downloadkeeper.com/pc-matic-crack-serial-download.htmlPC Matic DVDRip. 30-Jan-2022. 2,465 KB/s. Showing 6 download results of 6 for PC Matic. Welcome To DownloadKeeper.com. DownloadKeeper.com provides 24/7 fast download access to the most recent releases. We currently have 599,851 direct downloads including categories such as: software, movies, games, tv, adult movies, music, ebooks, apps and much ...",1
177,https://www.thetop10sites.com/antivirus/norton-antivirus-vs-pc-matic,Norton Antivirus vs PC Matic: Complete Antivirus ...,https://www.thetop10sites.com/antivirus/norton-antivirus-vs-pc-matic,"https://www.thetop10sites.com/antivirus/norton-antivirus-vs-pc-maticNorton Antivirus vs PC Matic: Complete Antivirus Comparison 2021. Norton Antivirus vs PC Matic Antivirus. Which one comes out on top? Complete antivirus comparison on price, security features, compatibility, malware detection, and more. Easy-to-use software that also optimizes PC performance. Whitelist-based antivirus blocks any unknown program ...",1
178,https://www.facebook.com/pg/pcmatic/posts/,PC Matic - Posts | Facebook,https://www.facebook.com/pg/pcmatic/posts,"https://www.facebook.com/pg/pcmatic/postsPC Matic Plus You've been asking for phone support, and we listened. But you know we couldn't just offer phone support. We had to give you the superior experience you're used to from PC Matic. So we'd like to introduce, PC Matic+. PC Matic Plus is an unlimited, multi-device service. What does that m...",3
180,https://www.shoppok.com/pueblo-ct/accounting-financial-jobs-cg3,"Pueblo, CO - Shoppok - Page 3",https://www.shoppok.com/pueblo-ct/accounting-financial-jobs-cg3,https://www.shoppok.com/pueblo-ct/accounting-financial-jobs-cg3PC Matic Assist Number ‚òé+1-(925)-267-8761. The most effective method to Get PC Matic Support Recently it has been drawn out into the open there are a few unique organizations and backing associations that are professing to give specialized. Pc matic antivirus is the best antivirus and I'm utilizing this from last some time.,2
181,https://math.answers.com/Q/Who_is_the_dad_on_the_PC_matic_commercial,Who is the dad on the PC matic commercial? - Answers,https://math.answers.com/Q/Who_is_the_dad_on_the_PC_matic_commercial,"https://math.answers.com/Q/Who_is_the_dad_on_the_PC_matic_commercialJul 03, 2012¬†¬∑ The specific assistance experts at PC Matic customer care division deals with an enormous number of PC Matic Problems reliably. You ought to just give a call at PC Matic Customer Service helpline phone and let the experts handle the issue. number or freephone number is a telephone number that is energized for all showing calls instead of ...",2
182,https://www.eventlooking.com/pc-matic-download-reinstall,Pc Matic Download Reinstall - Discover The Best Events ...,https://www.eventlooking.com/pc-matic-download-reinstall,"https://www.eventlooking.com/pc-matic-download-reinstallHow to pc matic reinstall ‚òé+1-(925)-267-8761 with order number. How to reinstall PC Matic on another computer? Reinstall PC Matic or install the program on an additional computer, download and install the program by clicking the link below: Once the program is installed, launch the application, and login to run the scan.",2
183,https://downloadpc-matic.blogspot.com/,pc matic download windows 10 || download pc matic and install,https://downloadpc-matic.blogspot.com,"https://downloadpc-matic.blogspot.comDec 17, 2021¬†¬∑ The Active X control expulsion weapon run and uninstall the PC Matic apparatus from that point. Presently Reinstall Pc Matic and check whether the message actually shows while opening the program.7. Attempt to run the PC Matic is similarity mode assuming it isn't working in Windows 8/10.",2
186,https://greedhead.net/is-pc-matic-legitimate/,Is PC Matic legitimate? ‚Äì Greedhead.net,https://greedhead.net/is-pc-matic-legitimate,"https://greedhead.net/is-pc-matic-legitimateDec 20, 2019¬†¬∑ As far as I know, PC Matic is the only internet security product that‚Äôs entirely US-based, including research, development and support. In the fall of 2019, the PC Pitstop brand was retired and the company now operates as PC Matic.",2
188,"https://www.shoppok.com/pueblo/a,94,20264,PC-Matic-Not-Working-.htm","PC Matic Not Working | Computer Services | Pueblo, CO ...","https://www.shoppok.com/pueblo/a,94,20264,PC-Matic-Not-Working-.htm","https://www.shoppok.com/pueblo/a,94,20264,PC-Matic-Not-Working-.htmPC Matic Not Working 1-925-267-8761. The guideline inspiration driving why COMPUTER Matic is typically not working on your pc is that a singular39s run suitably. It may not open undertakings, any PC indicative or crash. The issue may be a result of an awful archive, hard drive crash, or an abiliyy issue with a driver. You can present the PC Matic application on your structure by downlo",2
190,https://www.eabco.net/PC-Matic-Pro_c_3592.html,PC Matic Pro - EABCO,https://www.eabco.net/PC-Matic-Pro_c_3592.html,"https://www.eabco.net/PC-Matic-Pro_c_3592.htmlPC Matic Pro has most common software whitelisted already. But if anything irregular tries to execute it gets stopped until either you or the PC Matic technicians approve it for the whitelist. Performance Optimization - Keep your endpoints running at peak performance, and increase employee productivity and efficiency with less downtime.",2
191,https://www.eabco.net/PC-Matic-Pro-Endpoint-Suite--ONE-Year-of-Protection-per-Computer_p_15682.html,PC-Matic Pro Endpoint Suite - ONE Year of Protection per ...,https://www.eabco.net/PC-Matic-Pro-Endpoint-Suite...,"https://www.eabco.net/PC-Matic-Pro-Endpoint-Suite...PC Matic Pro Endpoint Suite Business Subscription - One Year Protection Per Computer - White Listing Anti-Virus, Anti-Ransomware, Anti-Malware, Security and Performance Enhancing Software for Businesses. PC Matic Pro Endpoint Suite downloads and installs on all of the computers in your business... On site as well as remote.",1
193,https://www.automation.com/en-us/articles/march-2021/pc-matic-survey-pandemic-telecommute-cybersecurity,PC Matic Survey Finds One Year After Onset of Pandemic ...,https://www.automation.com/en-us/articles/march...,"https://www.automation.com/en-us/articles/march...Mar 24, 2021¬†¬∑ PC Matic Survey Finds One Year After Onset of Pandemic, Employer Telecommute Cybersecurity Practices Still Inadequate . Myrtle Beach, S.C. - American ‚Ä¶",1
194,http://immo-konkret.de/website-unblocker-bookmarklet.html,immo-konkret.de,immo-konkret.de/website-unblocker-bookmarklet.html,"immo-konkret.de/website-unblocker-bookmarklet.htmlFeb 18, 2022¬†¬∑ PC Matic support is always FREE, and is conducted 100% in the United States. This tool is a Web UI to the excellent (and open source) [email protected] com is the best Free Remote unlocking service, since 2006!10 hours ago ¬∑ Url Unblocker Online to Unblock Websites - web unblocker to access unblocked sites - Url It is a website unblocker ...",1
